--
-- PostgreSQL database cluster dump
--

-- Started on 2019-12-03 01:24:00

SET default_transaction_read_only = off;

SET client_encoding = 'UTF8';
SET standard_conforming_strings = on;

--
-- Roles
--

CREATE ROLE postgres;
ALTER ROLE postgres WITH SUPERUSER INHERIT CREATEROLE CREATEDB LOGIN REPLICATION BYPASSRLS PASSWORD 'md5d4cde1035a397a615ee1c2200cbee96e';






--
-- Databases
--

--
-- Database "template1" dump
--

\connect template1

--
-- PostgreSQL database dump
--

-- Dumped from database version 12.1
-- Dumped by pg_dump version 12.1

-- Started on 2019-12-03 01:24:01

SET statement_timeout = 0;
SET lock_timeout = 0;
SET idle_in_transaction_session_timeout = 0;
SET client_encoding = 'UTF8';
SET standard_conforming_strings = on;
SELECT pg_catalog.set_config('search_path', '', false);
SET check_function_bodies = false;
SET xmloption = content;
SET client_min_messages = warning;
SET row_security = off;

-- Completed on 2019-12-03 01:24:04

--
-- PostgreSQL database dump complete
--

--
-- Database "bilgeadam" dump
--

--
-- PostgreSQL database dump
--

-- Dumped from database version 12.1
-- Dumped by pg_dump version 12.1

-- Started on 2019-12-03 01:24:05

SET statement_timeout = 0;
SET lock_timeout = 0;
SET idle_in_transaction_session_timeout = 0;
SET client_encoding = 'UTF8';
SET standard_conforming_strings = on;
SELECT pg_catalog.set_config('search_path', '', false);
SET check_function_bodies = false;
SET xmloption = content;
SET client_min_messages = warning;
SET row_security = off;

--
-- TOC entry 2867 (class 1262 OID 16393)
-- Name: bilgeadam; Type: DATABASE; Schema: -; Owner: postgres
--

CREATE DATABASE bilgeadam WITH TEMPLATE = template0 ENCODING = 'UTF8' LC_COLLATE = 'Turkish_Turkey.1254' LC_CTYPE = 'Turkish_Turkey.1254';


ALTER DATABASE bilgeadam OWNER TO postgres;

\connect bilgeadam

SET statement_timeout = 0;
SET lock_timeout = 0;
SET idle_in_transaction_session_timeout = 0;
SET client_encoding = 'UTF8';
SET standard_conforming_strings = on;
SELECT pg_catalog.set_config('search_path', '', false);
SET check_function_bodies = false;
SET xmloption = content;
SET client_min_messages = warning;
SET row_security = off;

SET default_tablespace = '';

SET default_table_access_method = heap;

--
-- TOC entry 203 (class 1259 OID 16401)
-- Name: account; Type: TABLE; Schema: public; Owner: postgres
--

CREATE TABLE public.account (
    id integer NOT NULL,
    username character varying(50) NOT NULL,
    password character varying(50) NOT NULL,
    created_at timestamp with time zone NOT NULL
);


ALTER TABLE public.account OWNER TO postgres;

--
-- TOC entry 202 (class 1259 OID 16399)
-- Name: account_user_id_seq; Type: SEQUENCE; Schema: public; Owner: postgres
--

CREATE SEQUENCE public.account_user_id_seq
    AS integer
    START WITH 1
    INCREMENT BY 1
    NO MINVALUE
    NO MAXVALUE
    CACHE 1;


ALTER TABLE public.account_user_id_seq OWNER TO postgres;

--
-- TOC entry 2868 (class 0 OID 0)
-- Dependencies: 202
-- Name: account_user_id_seq; Type: SEQUENCE OWNED BY; Schema: public; Owner: postgres
--

ALTER SEQUENCE public.account_user_id_seq OWNED BY public.account.id;


--
-- TOC entry 204 (class 1259 OID 16418)
-- Name: customer; Type: TABLE; Schema: public; Owner: postgres
--

CREATE TABLE public.customer (
    id integer NOT NULL,
    customer_name character varying(50) NOT NULL,
    customer_surname character varying(50) NOT NULL,
    created_at timestamp with time zone NOT NULL
);


ALTER TABLE public.customer OWNER TO postgres;

--
-- TOC entry 205 (class 1259 OID 16423)
-- Name: customer_customer_no_seq; Type: SEQUENCE; Schema: public; Owner: postgres
--

ALTER TABLE public.customer ALTER COLUMN id ADD GENERATED BY DEFAULT AS IDENTITY (
    SEQUENCE NAME public.customer_customer_no_seq
    START WITH 1
    INCREMENT BY 1
    NO MINVALUE
    MAXVALUE 1000000
    CACHE 1
);


--
-- TOC entry 210 (class 1259 OID 16450)
-- Name: orders; Type: TABLE; Schema: public; Owner: postgres
--

CREATE TABLE public.orders (
    id integer NOT NULL,
    product_id integer NOT NULL,
    count integer NOT NULL,
    discount numeric,
    warehouse_id integer NOT NULL,
    order_price numeric NOT NULL,
    created_at timestamp with time zone NOT NULL,
    customer_id integer NOT NULL,
    order_no character varying(50) NOT NULL
);


ALTER TABLE public.orders OWNER TO postgres;

--
-- TOC entry 211 (class 1259 OID 16458)
-- Name: orders_id_seq; Type: SEQUENCE; Schema: public; Owner: postgres
--

ALTER TABLE public.orders ALTER COLUMN id ADD GENERATED BY DEFAULT AS IDENTITY (
    SEQUENCE NAME public.orders_id_seq
    START WITH 1
    INCREMENT BY 1
    NO MINVALUE
    NO MAXVALUE
    CACHE 1
);


--
-- TOC entry 206 (class 1259 OID 16433)
-- Name: product; Type: TABLE; Schema: public; Owner: postgres
--

CREATE TABLE public.product (
    id integer NOT NULL,
    product_name character varying(50) NOT NULL,
    price numeric NOT NULL,
    created_at timestamp with time zone NOT NULL
);


ALTER TABLE public.product OWNER TO postgres;

--
-- TOC entry 207 (class 1259 OID 16441)
-- Name: product_id_seq; Type: SEQUENCE; Schema: public; Owner: postgres
--

ALTER TABLE public.product ALTER COLUMN id ADD GENERATED BY DEFAULT AS IDENTITY (
    SEQUENCE NAME public.product_id_seq
    START WITH 1
    INCREMENT BY 1
    NO MINVALUE
    NO MAXVALUE
    CACHE 1
);


--
-- TOC entry 208 (class 1259 OID 16443)
-- Name: warehouse; Type: TABLE; Schema: public; Owner: postgres
--

CREATE TABLE public.warehouse (
    id integer NOT NULL,
    warehouse_name character varying(50) NOT NULL,
    created_at timestamp with time zone NOT NULL
);


ALTER TABLE public.warehouse OWNER TO postgres;

--
-- TOC entry 209 (class 1259 OID 16448)
-- Name: warehouse_id_seq; Type: SEQUENCE; Schema: public; Owner: postgres
--

ALTER TABLE public.warehouse ALTER COLUMN id ADD GENERATED BY DEFAULT AS IDENTITY (
    SEQUENCE NAME public.warehouse_id_seq
    START WITH 1
    INCREMENT BY 1
    NO MINVALUE
    NO MAXVALUE
    CACHE 1
);


--
-- TOC entry 2713 (class 2604 OID 16404)
-- Name: account id; Type: DEFAULT; Schema: public; Owner: postgres
--

ALTER TABLE ONLY public.account ALTER COLUMN id SET DEFAULT nextval('public.account_user_id_seq'::regclass);


--
-- TOC entry 2853 (class 0 OID 16401)
-- Dependencies: 203
-- Data for Name: account; Type: TABLE DATA; Schema: public; Owner: postgres
--

COPY public.account (id, username, password, created_at) FROM stdin;
3	admin	1234	2019-12-01 05:32:03.830732+03
\.


--
-- TOC entry 2854 (class 0 OID 16418)
-- Dependencies: 204
-- Data for Name: customer; Type: TABLE DATA; Schema: public; Owner: postgres
--

COPY public.customer (id, customer_name, customer_surname, created_at) FROM stdin;
2	HÜSNÜ	YAŞAR	2019-12-01 05:29:45.087517+03
4	MAHMUT	YILDIZ	2019-12-02 21:49:38.239005+03
3	TURAN	TÖRER	2019-12-02 23:30:34.424122+03
5	ÖNDER	KARABULUT	2019-12-03 00:11:44.269216+03
6	OKTAY	SABAK	2019-12-03 01:10:48.74544+03
\.


--
-- TOC entry 2860 (class 0 OID 16450)
-- Dependencies: 210
-- Data for Name: orders; Type: TABLE DATA; Schema: public; Owner: postgres
--

COPY public.orders (id, product_id, count, discount, warehouse_id, order_price, created_at, customer_id, order_no) FROM stdin;
13	1	1	0	1	1870	2019-11-25 00:00:00+03	2	SAD
14	2	5	2	1	931.74	2019-11-25 00:00:00+03	2	SAD
15	1	4	23	2	1439.90	2019-11-27 00:00:00+03	3	TT92
16	2	5	7	2	884.20	2019-11-27 00:00:00+03	3	TT92
17	3	14	50	2	936.34	2019-11-27 00:00:00+03	3	TT92
18	3	2	5	4	1779.04	2019-11-29 00:00:00+03	7	OB91
\.


--
-- TOC entry 2856 (class 0 OID 16433)
-- Dependencies: 206
-- Data for Name: product; Type: TABLE DATA; Schema: public; Owner: postgres
--

COPY public.product (id, product_name, price, created_at) FROM stdin;
1	Çelik Rulo	1870	2019-12-01 14:05:58.030279+03
2	Çelik Levha	950.75	2019-12-01 14:06:17.022018+03
3	Çelik Tavan	1872.67	2019-12-01 14:06:35.365109+03
\.


--
-- TOC entry 2858 (class 0 OID 16443)
-- Dependencies: 208
-- Data for Name: warehouse; Type: TABLE DATA; Schema: public; Owner: postgres
--

COPY public.warehouse (id, warehouse_name, created_at) FROM stdin;
1	İstanbul Maslak Depo	2019-12-01 15:34:35.356932+03
2	İstanbul Bakırköy Depo	2019-12-01 15:34:44.243462+03
3	Ankara Depo	2019-12-01 15:34:56.705688+03
4	Manisa Depo	2019-12-01 15:35:01.369898+03
\.


--
-- TOC entry 2869 (class 0 OID 0)
-- Dependencies: 202
-- Name: account_user_id_seq; Type: SEQUENCE SET; Schema: public; Owner: postgres
--

SELECT pg_catalog.setval('public.account_user_id_seq', 3, true);


--
-- TOC entry 2870 (class 0 OID 0)
-- Dependencies: 205
-- Name: customer_customer_no_seq; Type: SEQUENCE SET; Schema: public; Owner: postgres
--

SELECT pg_catalog.setval('public.customer_customer_no_seq', 6, true);


--
-- TOC entry 2871 (class 0 OID 0)
-- Dependencies: 211
-- Name: orders_id_seq; Type: SEQUENCE SET; Schema: public; Owner: postgres
--

SELECT pg_catalog.setval('public.orders_id_seq', 18, true);


--
-- TOC entry 2872 (class 0 OID 0)
-- Dependencies: 207
-- Name: product_id_seq; Type: SEQUENCE SET; Schema: public; Owner: postgres
--

SELECT pg_catalog.setval('public.product_id_seq', 3, true);


--
-- TOC entry 2873 (class 0 OID 0)
-- Dependencies: 209
-- Name: warehouse_id_seq; Type: SEQUENCE SET; Schema: public; Owner: postgres
--

SELECT pg_catalog.setval('public.warehouse_id_seq', 4, true);


--
-- TOC entry 2715 (class 2606 OID 16406)
-- Name: account account_pkey; Type: CONSTRAINT; Schema: public; Owner: postgres
--

ALTER TABLE ONLY public.account
    ADD CONSTRAINT account_pkey PRIMARY KEY (id);


--
-- TOC entry 2717 (class 2606 OID 16408)
-- Name: account account_username_key; Type: CONSTRAINT; Schema: public; Owner: postgres
--

ALTER TABLE ONLY public.account
    ADD CONSTRAINT account_username_key UNIQUE (username);


--
-- TOC entry 2719 (class 2606 OID 16422)
-- Name: customer customer_pkey; Type: CONSTRAINT; Schema: public; Owner: postgres
--

ALTER TABLE ONLY public.customer
    ADD CONSTRAINT customer_pkey PRIMARY KEY (id);


--
-- TOC entry 2725 (class 2606 OID 16457)
-- Name: orders orders_pkey; Type: CONSTRAINT; Schema: public; Owner: postgres
--

ALTER TABLE ONLY public.orders
    ADD CONSTRAINT orders_pkey PRIMARY KEY (id);


--
-- TOC entry 2721 (class 2606 OID 16440)
-- Name: product product_pkey; Type: CONSTRAINT; Schema: public; Owner: postgres
--

ALTER TABLE ONLY public.product
    ADD CONSTRAINT product_pkey PRIMARY KEY (id);


--
-- TOC entry 2723 (class 2606 OID 16447)
-- Name: warehouse warehouse_pkey; Type: CONSTRAINT; Schema: public; Owner: postgres
--

ALTER TABLE ONLY public.warehouse
    ADD CONSTRAINT warehouse_pkey PRIMARY KEY (id);


-- Completed on 2019-12-03 01:24:07

--
-- PostgreSQL database dump complete
--

--
-- Database "postgres" dump
--

\connect postgres

--
-- PostgreSQL database dump
--

-- Dumped from database version 12.1
-- Dumped by pg_dump version 12.1

-- Started on 2019-12-03 01:24:07

SET statement_timeout = 0;
SET lock_timeout = 0;
SET idle_in_transaction_session_timeout = 0;
SET client_encoding = 'UTF8';
SET standard_conforming_strings = on;
SELECT pg_catalog.set_config('search_path', '', false);
SET check_function_bodies = false;
SET xmloption = content;
SET client_min_messages = warning;
SET row_security = off;

--
-- TOC entry 1 (class 3079 OID 16384)
-- Name: adminpack; Type: EXTENSION; Schema: -; Owner: -
--

CREATE EXTENSION IF NOT EXISTS adminpack WITH SCHEMA pg_catalog;


--
-- TOC entry 2813 (class 0 OID 0)
-- Dependencies: 1
-- Name: EXTENSION adminpack; Type: COMMENT; Schema: -; Owner: 
--

COMMENT ON EXTENSION adminpack IS 'administrative functions for PostgreSQL';


-- Completed on 2019-12-03 01:24:09

--
-- PostgreSQL database dump complete
--

-- Completed on 2019-12-03 01:24:09

--
-- PostgreSQL database cluster dump complete
--

